<?xml version="1.0" encoding="utf-8" ?>
<Defs>
	<SoundDef>
		<defName>Drowning</defName>  
		<context>MapOnly</context> 
		<eventNames />  
		<maxSimultaneous>1</maxSimultaneous>  
		<subSounds>
			<li>
				<grains>
					<li Class="AudioGrain_Folder">
						<clipFolderPath>Things/Drowning</clipFolderPath>
					</li>
				</grains>      
				<volumeRange>
					<min>40</min>        
					<max>80</max>
				</volumeRange>      
				<pitchRange>
					<min>0.6516304</min>        
					<max>0.854348</max>
				</pitchRange>
			</li>
		</subSounds>
	</SoundDef>
	</Defs>